class,cat_id,TP,FP,FN,precision,recall,n_gt,n_pred,AP,AP50
amphipod,1,45,31,12,0.5921052631578947,0.7894736842105263,57,76,0.49080055779713827,0.7610814301909635
anemone,2,235,348,46,0.40308747855917665,0.8362989323843416,281,583,0.44707139233836635,0.6996744687722273
barnacle,3,26,10,4,0.7222222222222222,0.8666666666666667,30,36,0.7234216030298682,0.8555586987270156
benthic worm,4,22,40,11,0.3548387096774194,0.6666666666666666,33,62,0.4373530314150822,0.6247819729365528
bivalve,5,28,27,2,0.509090909090909,0.9333333333333333,30,55,0.6905003980800413,0.9127863522849831
black coral,6,40,22,3,0.6451612903225806,0.9302325581395349,43,62,0.6698345387415272,0.8876632965898783
bony fish,7,460,540,34,0.46,0.9311740890688259,494,1000,0.5308414314030633,0.8105339079406921
brittle star,8,195,340,37,0.3644859813084112,0.8405172413793104,232,535,0.5207731935595193,0.737988941815583
calycophoran siph.,9,4,0,0,1.0,1.0,4,4,0.9257425742574258,1.0
chiton,10,9,2,1,0.8181818181818182,0.9,10,11,0.596438393839384,0.900990099009901
crab,11,40,48,3,0.45454545454545453,0.9302325581395349,43,88,0.6319088547204212,0.8427769287893784
feather star,13,52,47,3,0.5252525252525253,0.9454545454545454,55,99,0.6843043396985365,0.9117281837760325
hydroid,15,6,1,0,0.8571428571428571,1.0,6,7,0.847029702970297,1.0
isopod,17,12,16,0,0.42857142857142855,1.0,12,28,0.6516540939808266,1.0
jelly,19,39,60,7,0.3939393939393939,0.8478260869565217,46,99,0.5682677504330121,0.7693493322205883
larvacean,20,1,0,0,1.0,1.0,1,1,0.9999999999999998,0.9999999999999999
octopus,22,10,19,2,0.3448275862068966,0.8333333333333334,12,29,0.5659405940594059,0.7755775577557754
physonect siph.,24,8,5,0,0.6153846153846154,1.0,8,13,0.6897029702970298,0.9742574257425741
pyrosome,25,3,0,0,1.0,1.0,3,3,0.8663366336633663,1.0
sea cucumber,26,90,123,18,0.4225352112676056,0.8333333333333334,108,213,0.5029101423483029,0.7615148538468973
sea fan,27,77,103,11,0.42777777777777776,0.875,88,180,0.6079426159510634,0.8066674961127486
sea pen,28,17,14,4,0.5483870967741935,0.8095238095238095,21,31,0.5096434469124118,0.7057866896999722
sea snail,30,23,10,7,0.696969696969697,0.7666666666666667,30,33,0.5515700418015054,0.8292495119857748
sea squirt,32,4,2,0,0.6666666666666666,1.0,4,6,0.8336633663366336,1.0
sea star,33,126,210,31,0.375,0.802547770700637,157,336,0.5339849788855334,0.7158250479121325
shrimp,35,46,75,3,0.38016528925619836,0.9387755102040817,49,121,0.5099304159374631,0.8362308909061306
soft coral,36,38,27,6,0.5846153846153846,0.8636363636363636,44,65,0.6961770736996196,0.8642483046727419
sponge,37,132,157,24,0.45674740484429066,0.8461538461538461,156,289,0.5666733393480268,0.7690209102951311
squat lobster,38,31,36,6,0.4626865671641791,0.8378378378378378,37,67,0.6363525775998137,0.8074739731410744
stony coral,40,29,38,1,0.43283582089552236,0.9666666666666667,30,67,0.7185533234323013,0.9044682145165515
urchin,41,59,50,2,0.5412844036697247,0.9672131147540983,61,109,0.7403616938221488,0.9470678251641077
